model_set,family,params,n_features,fold_aucs,mean_auc,std_auc,seconds
model_A_full,logistic,C=0.001,25,"0.8139, 0.8146, 0.8153, 0.8292, 0.8074",0.8160793143950521,0.00798614355540728,0.29752441600430757
model_A_full,logistic,C=0.01,25,"0.8145, 0.8159, 0.8186, 0.8298, 0.8118",0.8181181423721291,0.006997923787313361,0.34422441700007766
model_A_full,logistic,C=0.1,25,"0.8192, 0.8227, 0.8236, 0.8328, 0.8199",0.8236569596677297,0.005456529870913382,0.4217505419801455
model_A_full,logistic,C=1.0,25,"0.8220, 0.8282, 0.8248, 0.8334, 0.8268",0.8270415592521296,0.004229553275117632,0.3967775829951279
model_A_full,logistic,C=10.0,25,"0.8217, 0.8289, 0.8241, 0.8325, 0.8277",0.8270052193649953,0.004202245199970454,0.3935152080084663
model_B_full,hgb,"learning_rate=0.05, max_depth=3, max_iter=100",25,"0.8532, 0.8651, 0.8497, 0.8610, 0.8514",0.8560927048831916,0.0066677048952293256,1.3219638330047019
model_B_full,hgb,"learning_rate=0.05, max_depth=3, max_iter=300",25,"0.8613, 0.8704, 0.8563, 0.8674, 0.8598",0.8630319990873783,0.005739410374056823,3.3022382089984603
model_B_full,hgb,"learning_rate=0.05, max_depth=6, max_iter=100",25,"0.8632, 0.8737, 0.8534, 0.8682, 0.8618",0.8640541567635273,0.007582104791641847,2.897892624983797
model_B_full,hgb,"learning_rate=0.05, max_depth=6, max_iter=300",25,"0.8636, 0.8670, 0.8492, 0.8688, 0.8601",0.8617375657733953,0.007763151219165607,9.661620375001803
model_B_full,hgb,"learning_rate=0.1, max_depth=3, max_iter=100",25,"0.8593, 0.8707, 0.8550, 0.8675, 0.8587",0.8622531374804568,0.006571750841144158,0.8080317910062149
model_B_full,hgb,"learning_rate=0.1, max_depth=3, max_iter=300",25,"0.8629, 0.8665, 0.8525, 0.8690, 0.8597",0.8621271831604955,0.006437598617097794,3.24023620801745
model_B_full,hgb,"learning_rate=0.1, max_depth=6, max_iter=100",25,"0.8632, 0.8695, 0.8515, 0.8693, 0.8598",0.8626759624332376,0.007476029610873126,3.621954625006765
model_B_full,hgb,"learning_rate=0.1, max_depth=6, max_iter=300",25,"0.8581, 0.8581, 0.8395, 0.8640, 0.8496",0.8538628527463533,0.009530156964170025,9.427728625014424
baseline_egfr,logistic,C=0.001,1,"0.7643, 0.7573, 0.7585, 0.7704, 0.7519",0.7604950087052792,0.007071714585703939,0.054840584023622796
baseline_egfr,logistic,C=0.01,1,"0.7643, 0.7573, 0.7585, 0.7704, 0.7519",0.7604950087052792,0.007071714585703939,0.05184995901072398
baseline_egfr,logistic,C=0.1,1,"0.7643, 0.7573, 0.7585, 0.7704, 0.7519",0.7604950087052792,0.007071714585703939,0.05418875001487322
baseline_egfr,logistic,C=1.0,1,"0.7643, 0.7573, 0.7585, 0.7704, 0.7519",0.7604950087052792,0.007071714585703939,0.05133287498028949
baseline_egfr,logistic,C=10.0,1,"0.7643, 0.7573, 0.7585, 0.7704, 0.7519",0.7604950087052792,0.007071714585703939,0.048619915993185714
baseline_demographic,logistic,C=0.001,5,"0.7726, 0.7788, 0.7751, 0.7778, 0.7594",0.7727585358357932,0.007861279989354994,0.08809962499071844
baseline_demographic,logistic,C=0.01,5,"0.7731, 0.7790, 0.7752, 0.7780, 0.7595",0.7729447701260563,0.007873481893242816,0.08451458299532533
baseline_demographic,logistic,C=0.1,5,"0.7731, 0.7790, 0.7752, 0.7780, 0.7595",0.77297335542646,0.007871467493130033,0.0825273750233464
baseline_demographic,logistic,C=1.0,5,"0.7731, 0.7790, 0.7752, 0.7780, 0.7595",0.7729758668814062,0.00787316439056731,0.08814124998752959
baseline_demographic,logistic,C=10.0,5,"0.7731, 0.7790, 0.7752, 0.7780, 0.7595",0.7729764409972634,0.007872570938732901,0.08844633301487193
model_A_harmonized,logistic,C=0.001,14,"0.7994, 0.7972, 0.7935, 0.8143, 0.7895",0.7987938490664798,0.009449060817367199,0.1999423750094138
model_A_harmonized,logistic,C=0.01,14,"0.8019, 0.8006, 0.7960, 0.8177, 0.7929",0.8018342245203961,0.009581901079360475,0.24017504198127426
model_A_harmonized,logistic,C=0.1,14,"0.8073, 0.8081, 0.8000, 0.8228, 0.7992",0.8074870684469646,0.009508740387583073,0.3358262499968987
model_A_harmonized,logistic,C=1.0,14,"0.8092, 0.8122, 0.8004, 0.8239, 0.8026",0.8096434548605543,0.009251460570536855,0.28016962500987574
model_A_harmonized,logistic,C=10.0,14,"0.8090, 0.8125, 0.8001, 0.8235, 0.8029",0.8096095270705124,0.009182445566895953,0.25964820801164024
