feature,coef_log_odds,odds_ratio
serum_creatinine,7.132929288684595,1252.5406514559659
bun,-6.557367301803246,0.0014196182212347181
bun_creatinine_ratio,5.981680796368945,396.10558177796776
egfr_cr,1.367060654672236,3.923800324371317
sex_male,-0.9588245457269705,0.3833432236778802
age,0.9585500221571431,2.6079123155399246
missingindicator_potassium,-0.5907671130355014,0.5539022161071403
sbp,0.37191935285621897,1.4505159966038468
chloride,-0.2777751786529149,0.7574670971459729
bicarbonate,-0.2495366238134169,0.7791617444323632
missingindicator_platelets,-0.21973656289407212,0.8027302390415566
hba1c,0.2126451244652603,1.2369456116106319
uric_acid,0.20749368661563813,1.2305899476282363
missingindicator_bun,0.20243906834499237,1.2243854790153974
missingindicator_bun_creatinine_ratio,0.20243906834499237,1.2243854790153974
sodium,0.17123393710259918,1.1867683456986138
diabetes_mellitus,0.16600008772959943,1.180573205294486
serum_albumin,-0.15525529646817274,0.8561965656201181
white_blood_cell_count,0.11082439064804336,1.1171986990874496
red_blood_cell_count,-0.10784723070399276,0.8977647368415735
bmi,-0.09992716310580538,0.9049033259834763
blood_glucose_random,0.09697858765223082,1.101836780456091
calcium,0.06565428146514427,1.0678574752210108
packed_cell_volume,-0.058423433343714505,0.9432504591685548
missingindicator_packed_cell_volume,0.05513006839715646,1.0566780461573284
missingindicator_white_blood_cell_count,0.05513006839715646,1.0566780461573284
missingindicator_red_blood_cell_count,0.05513006839715646,1.0566780461573284
missingindicator_hemoglobin,0.05513006839715646,1.0566780461573284
missingindicator_bmi,0.054806336625004656,1.0563360212660011
phosphorus,-0.05375905974427301,0.9476604085382939
potassium,0.035510620689816405,1.0361486526830705
missingindicator_uric_acid,-0.0352287779651987,0.9653845322829068
hemoglobin,-0.02521871472520697,0.9750966207147576
missingindicator_calcium,-0.02514770482576793,0.9751658646862125
platelets,-0.02462675305055274,0.9756740114230301
missingindicator_sbp,0.01916915281627308,1.0193540606451443
missingindicator_blood_pressure,0.01916915281627308,1.0193540606451443
missingindicator_diabetes_mellitus,0.018791014626642864,1.0189686768148238
blood_pressure,-0.01843787481328735,0.9817310629229018
missingindicator_bicarbonate,-0.010904948805252937,0.9891542946046308
missingindicator_phosphorus,-0.007260610128210915,0.9927656844248542
missingindicator_chloride,0.005634850970280604,1.0056507566042678
missingindicator_sodium,0.005634850970280604,1.0056507566042678
missingindicator_hba1c,0.0011931521874827687,1.0011938642767362
