feature,importance_mean,importance_std
egfr_cr,0.10424639590392057,0.0014847808929605933
sbp,0.01652944705397712,0.0017066966812443376
hba1c,0.01230033392266967,0.0014564530300744964
age,0.011128487248042097,0.0022420253989189065
serum_creatinine,0.0071875378968359275,0.0008683673913568735
diabetes_mellitus,0.00657919674942784,0.0013863144797476373
bmi,0.005725286698478982,0.0010121874603527762
sex_male,0.003190881169319626,0.0005963322947440343
blood_glucose_random,0.002296969695083506,0.0005649074450429066
white_blood_cell_count,0.001740705089402983,0.00036838229964855613
uric_acid,0.001473869869021338,0.0009214499140273477
blood_pressure,0.0012850457230998646,0.0001750679066863555
chloride,0.0010399125197089853,0.0005397366951986924
hemoglobin,0.0009728976871272055,0.0006704618839844059
platelets,0.0008787242118676985,0.00038521713972216194
phosphorus,0.0008187013293107226,0.0001886312056745969
potassium,0.0008045514482516892,0.00016855222111777463
packed_cell_volume,0.0005795019470090645,0.0002883278314571546
red_blood_cell_count,0.0005066466576559403,0.0003475957879795381
bicarbonate,0.0004918639739981856,0.0004282172358413055
bun_creatinine_ratio,0.0004372147266235915,0.0002167443407870835
serum_albumin,0.00033611154421782087,0.0003854499107758927
calcium,0.00022565118240196468,6.108921414712347e-05
bun,0.00010155963018190217,0.0003019192039036711
sodium,-0.0003398461169313416,0.00037070036330900437
