row,ckd,prob_egfr_male,prob_egfr_female
0,1,7.46331096344114e-26,1.1022515969508326e-25
1,1,2.5731395697326778e-27,4.207983205920681e-27
2,1,9.222751289449225e-24,1.1489071114743585e-23
3,1,0.9999903747861585,0.9999912714335771
4,1,1.9211688560812824e-25,2.6406651823156635e-25
5,1,0.7515636923034961,0.8188682150214108
6,1,1.0,1.0
7,1,1.3385800957935575e-25,2.2125548042460393e-25
8,1,4.5339339014187195e-24,5.644733985711499e-24
9,1,0.99999999891733,0.9999999989639621
10,1,3.138753367887779e-20,3.437132381045182e-20
11,1,0.9998890020859004,0.9999029437524815
12,1,0.9988537356180665,0.9990384743041673
13,1,0.9999992485773772,0.9999992984368055
14,1,0.999999316940867,0.9999993687146271
15,1,0.9999999998928994,0.9999999998964588
16,1,0.9919613181213727,0.9933403516480498
17,1,0.9999995346226805,0.9999995650130769
18,1,0.9736088971455864,0.9808616571870106
19,1,5.393297683019167e-25,6.946495294375128e-25
20,1,0.9999962273431914,0.9999965431533766
21,1,0.9999970896771141,0.9999970969219196
22,1,0.999999997434968,0.9999999975402256
23,1,0.01759771526056218,0.01759771526056218
24,1,0.8516042092378061,0.8893037396284507
25,1,0.9905792967133386,0.9923288235926772
26,1,0.9996081189533096,0.9996604856883731
27,1,0.9998323296065039,0.9998526659371827
28,1,4.455405573602462e-25,5.859759616872471e-25
29,1,1.872548026804455e-25,2.4929885997531724e-25
30,1,0.9999999586246923,0.9999999586246923
31,1,0.959791590008882,0.9685687517180034
32,1,0.9803965047194451,0.9850416542629518
33,1,3.005994319325694e-23,3.492449006011758e-23
34,1,8.481789728959739e-20,8.993058911352279e-20
35,1,1.738707174727406e-23,2.1026317877952157e-23
36,1,0.9874804889811397,0.9897408098183834
37,1,0.9999869560800405,0.9999881530598981
38,1,0.999989339971053,0.9999901431448008
39,1,0.9999834881608748,0.9999849160792768
40,1,2.460830362079827e-24,3.0108479023841397e-24
41,1,7.685915050959892e-27,8.922243553614632e-27
42,1,0.7616084396205199,0.8388711083309102
43,1,0.9999999999908087,0.9999999999910829
44,1,0.9999999959127404,0.9999999961173516
45,1,0.9999999883974652,0.9999999890245571
46,1,0.8026383512167949,0.8572711218514298
47,1,2.7654703701658044e-27,4.468185385740527e-27
48,1,0.8729745657439196,0.9167457154481011
49,1,9.412794189201572e-22,1.0618414811925217e-21
50,1,0.9999246408067397,0.9999327834098424
51,1,0.9780616551902336,0.9830988384263767
52,1,5.8038017514314016e-24,6.966804235224666e-24
53,1,1.4681301806949892e-25,2.290632453719903e-25
54,1,1.0,1.0
55,1,0.041685828745167526,0.041685828745167526
56,1,0.9999999999829863,0.9999999999834344
57,1,0.9999999967919455,0.9999999969101183
58,1,0.9999994730546423,0.9999995069839497
59,1,5.392904216492812e-18,5.662904001985247e-18
60,1,0.9998856876805324,0.9998972643470537
61,1,1.0,1.0
62,1,0.22212904473251235,0.2614777464646918
63,1,0.9999999712888249,0.9999999728553842
64,1,0.09195344151232389,0.09195344151232389
65,1,2.5522453292121492e-26,3.977822273390794e-26
66,1,0.9700232185438546,0.976390843066567
67,1,0.11312292843104398,0.11312292843104398
68,1,3.057500806483938e-22,3.3932948885957457e-22
69,1,4.7842837161531915e-26,7.859025422281827e-26
70,1,0.7535799230856759,0.7777889169985974
71,1,0.9999719252394726,0.9999750318725461
72,1,3.192035546364951e-25,4.398818988663252e-25
73,1,0.9999999699813968,0.9999999699813968
74,1,0.9999999941573585,0.9999999944262257
75,1,0.15948598148314722,0.18682560688311448
76,1,0.9999999998133344,0.9999999998201534
77,1,0.9999581728359622,0.999962409043218
78,1,0.9999125887065583,0.9999212860480605
79,1,2.5004451726566452e-24,3.1410139636175727e-24
80,1,0.9998288151198109,0.9998481704997716
81,1,0.9997745847791778,0.9998103743800736
82,1,0.9410865925795413,0.9530254128899431
83,1,0.6231492577772402,0.7287408648176043
84,1,0.9999999999999587,0.9999999999999594
85,1,7.062909802503654e-25,9.161808165628947e-25
86,1,8.642804519775829e-24,1.0702486073788281e-23
87,1,3.711711451009555e-22,4.1763937528126305e-22
88,1,3.082738394797409e-23,3.6798410501396103e-23
89,1,0.803088410609107,0.8488733200516548
90,1,0.9999836939924207,0.9999853848493234
91,1,0.9793175649830146,0.9837269956965045
92,1,0.9999924728568376,0.9999931236873492
93,1,0.9999999890261119,0.9999999895880164
94,1,0.9734818241862918,0.9791932355144093
95,1,0.6413016466653553,0.7266676948933777
96,1,2.394394226389897e-22,2.7453072089353037e-22
97,1,0.9980629581488037,0.9983644888860299
98,1,0.9999999968852518,0.9999999970392712
99,1,0.9798886768439118,0.9860354506819106
100,1,0.3020614706450694,0.4411028636352252
101,1,0.9999980447703816,0.9999981789243207
102,1,0.9770911535377386,0.9819190476348267
103,1,2.6766865667351843e-15,2.7447842283602083e-15
104,1,2.748938706716419e-24,3.365100444617515e-24
105,1,0.9999999999999887,0.9999999999999889
106,1,0.9999999813711046,0.9999999823632505
107,1,0.9999498260203149,0.9999561644510843
108,1,0.5612756350435629,0.677167997866799
109,1,4.884350035120477e-24,6.0645509225120434e-24
110,1,0.9975116311243021,0.9979463135515554
111,1,0.9999997349758846,0.999999753826174
112,1,3.0012199810127243e-26,3.0012199810127243e-26
113,1,0.0887673833632444,0.0887673833632444
114,1,2.8557917339274784e-25,3.8543947701778134e-25
115,1,1.3386021593338376e-26,2.329781804964478e-26
116,1,2.5196320295344682e-26,2.5196320295344682e-26
117,1,0.7868385122836988,0.7868385122836988
118,1,7.636485004005771e-26,1.109246964972276e-25
119,1,7.967484127527905e-26,1.1441730525156246e-25
120,1,0.9994101208892092,0.99949844235807
121,1,0.865027669235286,0.90015483012799
122,1,0.9999999999979303,0.9999999999979841
123,1,4.1847939176639706e-26,6.54032560904165e-26
124,1,1.655757390170195e-23,1.9148912140621804e-23
125,1,0.9998296149412923,0.9998517536989779
126,1,0.9999948713979565,0.9999952666028946
127,1,0.9999998963694722,0.9999999020969386
128,1,0.9999999561032721,0.9999999586552552
129,1,0.9357948356368438,0.9504193700745732
130,1,0.9999999999453661,0.9999999999471623
131,1,4.0946279117026525e-27,5.147298454613399e-27
132,1,0.9999999999999618,0.9999999999999627
133,1,0.9999995297355764,0.9999995558837605
134,1,1.0,1.0
135,1,0.9221712779124579,0.9440884875671247
136,1,0.9998394312161664,0.9998608001413182
137,1,0.9999971891762305,0.9999974405363014
138,1,0.9297603244284023,0.9437130223079303
139,1,0.9990221118684987,0.9991559727143527
140,1,0.845096446776804,0.8848157324646615
141,1,0.9999999642187507,0.9999999659714633
142,1,0.9999999944926903,0.9999999947074791
143,1,0.9999999999999993,0.9999999999999993
144,1,0.9978536976323705,0.998180985327679
145,1,0.9999999999994311,0.9999999999994431
146,1,0.7812192796885605,0.8510973230176017
147,1,0.9964081700027059,0.997167511339853
148,1,0.9999970301464236,0.9999970422403981
149,1,5.886617901311494e-26,9.109311905760625e-26
150,1,2.761428677353793e-27,5.595763716263795e-27
151,1,0.9927164428331764,0.9941213102684564
152,1,0.48408342651346586,0.5840462766878002
153,1,0.9999999999999858,0.9999999999999862
154,1,0.9999999999999993,0.9999999999999993
155,1,8.544516994190332e-25,1.0826949291730995e-24
156,1,3.064249341731452e-22,3.398588182734564e-22
157,1,0.9829753365084223,0.9864969344389609
158,1,0.9891155450856571,0.9915746466835994
159,1,0.9807773741814148,0.9861163624073206
160,1,0.998900046306603,0.9990646460919521
161,1,0.08848309167065967,0.08848309167065967
162,1,0.9825955515334908,0.9867717118900506
163,1,0.994948888519523,0.9959175576262942
164,1,0.3182878124260286,0.4278206523167269
165,1,0.06643740871801936,0.06643740871801936
166,1,0.9999781012047122,0.9999803431699502
167,1,8.458744390311625e-27,1.542537517698944e-26
168,1,2.1575352449310397e-24,2.8217885393921078e-24
169,1,3.804724771948232e-23,3.804724771948232e-23
170,1,0.9960056909405918,0.9968223256315217
171,1,0.9997945050428456,0.9998184702821302
172,1,0.999884707507289,0.999898148744911
173,1,1.0,1.0
174,1,0.9999999963760551,0.999999996523933
175,1,0.9970638749464262,0.9975337489295791
176,1,0.9716725390071059,0.9789351417288052
177,1,2.9398269250985504e-23,3.399923674298684e-23
178,1,0.9984320105716065,0.9986541123032527
179,1,1.2079166914394968e-23,1.4088230786183717e-23
180,1,8.962370474027143e-24,1.0862734638970445e-23
181,1,0.9980271138117917,0.998371138070356
182,1,0.5060967040741307,0.5928924624700084
183,1,0.9999999490408583,0.9999999518849886
184,1,0.9999644898427812,0.9999682389507295
185,1,0.1146988615994596,0.14022840424868305
186,1,0.12133988782204161,0.204659759930907
187,1,5.087541025607343e-27,6.1747996316560214e-27
188,1,0.9918358362289168,0.9933539844323227
189,1,0.9999995736904336,0.9999996050157668
190,1,0.31571325380828286,0.4642184389617222
191,1,0.9999998432595104,0.9999998432595104
192,1,1.8643276413240557e-26,3.256022449380161e-26
193,1,0.9999999999999991,0.9999999999999991
194,1,1.37654834158868e-25,1.8948687963385367e-25
195,1,0.9999860028105464,0.9999873476260459
196,1,0.9999999999995643,0.999999999999575
197,1,0.9999999999837379,0.9999999999842435
198,1,0.9999973521706422,0.9999976332770902
199,1,0.9612453560983243,0.9700954415975028
200,1,0.9999286866276321,0.9999354729779218
201,1,0.9999999991648423,0.9999999991979422
202,1,0.9998852796794797,0.9998974572825349
203,1,0.9999999923459723,0.9999999923459723
204,1,0.9999999999999927,0.9999999999999929
205,1,9.46194680889072e-24,1.137062803836987e-23
206,1,0.9999739208175977,0.9999761168980117
207,1,1.9907935252400043e-23,2.3979554716329546e-23
208,1,1.8609967961748243e-24,2.425890798253818e-24
209,1,0.02456468912373234,0.02456468912373234
210,1,0.9999999999999656,0.9999999999999662
211,1,8.803606196437575e-26,1.2817604298670336e-25
212,1,0.9999999999995468,0.9999999999995586
213,1,0.9999968542429614,0.9999971271402686
214,1,8.319745539552968e-26,1.2770992925299694e-25
215,1,0.01494561995848656,0.01494561995848656
216,1,9.45586884142898e-11,9.45586884142898e-11
217,1,0.9848954009568881,0.9878223039366314
218,1,8.268377598141219e-27,1.2564285167632076e-26
219,1,1.375634166101255e-22,1.5866571147010902e-22
220,1,0.04029681632190104,0.04029681632190104
221,1,0.9907345033612894,0.9926208456352613
222,1,1.2903286636464833e-24,1.5822035327273816e-24
223,1,0.9740922037921595,0.9808097866916562
224,1,0.9929442910873326,0.994247720691157
225,1,0.9999200690607258,0.9999302853486497
226,1,0.999999999886777,0.9999999998913378
227,1,9.736407228871274e-25,1.2641006054513827e-24
228,1,1.3794804163740554e-23,1.602719265969531e-23
229,1,0.9999999999997795,0.9999999999997846
230,1,0.9945429236580565,0.9956635039762777
231,1,0.9999089699920531,0.9999201397856302
232,1,0.03342152234437312,0.03342152234437312
233,1,0.9382760147501554,0.9522283086818141
234,1,4.6110329835811386e-26,6.737998131112302e-26
235,1,5.164379541665421e-24,6.195196964259679e-24
236,1,0.9928266006445328,0.9940608024052541
237,1,1.8844304763478478e-23,2.199073545527816e-23
238,1,0.9999999999999101,0.9999999999999118
239,1,0.8919756384369847,0.9177607377094769
240,1,6.196098106873354e-25,8.293661802459265e-25
241,1,0.9305762493943808,0.9467315581187465
242,1,0.9999999978113596,0.9999999979113923
243,1,0.9986584390081127,0.9988515089294335
244,1,0.9999482200993721,0.9999544275905555
245,1,0.9999999052525995,0.9999999112682995
246,1,0.9999999999999727,0.9999999999999734
247,1,0.78161130616621,0.8389909332160254
248,1,0.994099879685238,0.9953518144477229
249,1,0.9999999999999194,0.999999999999921
250,0,0.7908940328721682,0.8507068568877447
251,0,0.12756416533565731,0.20493616926360142
252,0,0.23461581403173662,0.2681511882015241
253,0,0.658635856243247,0.7361270819401263
254,0,0.32223504274189874,0.4086827039850115
255,0,0.5676189114659582,0.6676461394835943
256,0,0.41789067371024635,0.46635637611718334
257,0,0.19409207246515126,0.21962691923406982
258,0,0.3354757573595021,0.3861401668569237
259,0,0.4050602182026057,0.5095871041159645
260,0,0.31658460162095065,0.44356177569618055
261,0,0.5156228688160097,0.6106475869827067
262,0,0.3349962672041011,0.4604773182864951
263,0,0.5398635540479909,0.6357761953791606
264,0,0.2586315097514678,0.2888190791021039
265,0,0.3546716593205215,0.39517185164440327
266,0,0.771332042913726,0.8305002830119302
267,0,0.3729460408592689,0.5077779077499596
268,0,0.30361897305375124,0.30361897305375124
269,0,0.48426159682097525,0.5955438793501675
270,0,0.305005454776134,0.42118744500771876
271,0,0.2954503146901667,0.34704381799018935
272,0,0.7296893413452487,0.7964189899724872
273,0,0.2800766418917786,0.4037334874515881
274,0,0.12219880678724204,0.14228568286823973
275,0,0.5931712660787085,0.6808000292792696
276,0,1.0,1.0
277,0,0.32995204893301167,0.44595670629248646
278,0,0.5244814512852096,0.6196222346139239
279,0,0.1251904197803193,0.1492019600787184
280,0,0.3031660125144046,0.43091524917532964
281,0,0.5836114443243557,0.6706100742006055
282,0,0.2035971086825855,0.31295529070541533
283,0,0.0278355633138019,0.0278355633138019
284,0,0.3423788584227166,0.4440745063727081
285,0,0.23482538164925187,0.2591547890889133
286,0,0.3213099794536812,0.3971370812437273
287,0,0.29200348791901715,0.3317047662519946
288,0,0.7580160017965877,0.8194827938485615
289,0,0.15499746059652247,0.24521836666281405
290,0,0.24012079105429204,0.2722328260492867
291,0,0.34902421485633395,0.4663019813612139
292,0,0.2606021898287789,0.3087772854554103
293,0,0.539271482754086,0.6324009536057703
294,0,0.4461480485843384,0.47689738451966107
295,0,0.21307690135169094,0.32259047346535624
296,0,0.18493716289627612,0.21410618030489106
297,0,0.5755182606438098,0.6845690268169872
298,0,0.48494755868483425,0.5902955207799955
299,0,0.6846905288461509,0.7224803052786741
300,0,0.21861709430668236,0.2451617040548154
301,0,0.14822124786133953,0.2343273396885235
302,0,0.45036084684356237,0.5596247002921793
303,0,1.859590523875046e-26,2.814469493479264e-26
304,0,0.31208906379165285,0.3547691054064852
305,0,0.2036218304213112,0.2757387102626628
306,0,0.5796625348323171,0.6685752549085993
307,0,0.3926583764087483,0.4444970278764401
308,0,0.27446877777420553,0.31186212254282925
309,0,0.5268121151023799,0.6201263037453276
310,0,0.29271792844853217,0.3243204407911429
311,0,0.5821795488939134,0.6777771564944931
312,0,1.0,1.0
313,0,0.2776825997383096,0.3944287093082024
314,0,0.2781647517578376,0.3168264753967235
315,0,0.031169196568769937,0.031169196568769937
316,0,0.2734974134647376,0.3214301600042167
317,0,0.5990891903479179,0.6831096546504936
318,0,0.28079129441257333,0.3088481389936149
319,0,0.47769923142392273,0.5974542843004115
320,0,0.5129838951393049,0.6036415011046994
321,0,0.5288420225720412,0.6346254199838524
322,0,0.5034617168472111,0.5494995915358292
323,0,0.4736545931856836,0.5844456010136302
324,0,0.19993089675161613,0.2256817479577595
325,0,0.5735369369579862,0.6598721828650261
326,0,0.4197827368423695,0.5279440466889753
327,0,0.18694028096378967,0.2604337685965321
328,0,0.18302475634171209,0.21455470443865593
329,0,0.14872073440405084,0.2423004358218996
330,0,0.5082658639559775,0.6176524621360294
331,0,0.3977109575647029,0.4308726031289014
332,0,0.21410703596405137,0.31628707579605103
333,0,0.21677570962817527,0.30385264429148484
334,0,1.0,1.0
335,0,0.6250470390485613,0.6698897826827372
336,0,8.279903329866192e-27,1.057313256194669e-26
337,0,0.21588093842573475,0.3262382084989279
338,0,0.25504181685985067,0.32683554858814023
339,0,0.2639442541349163,0.3140864982348354
340,0,0.3075248898428198,0.4173723647904424
341,0,0.4296659537727755,0.5543955304401619
342,0,0.3149054510413783,0.3635363688763249
343,0,0.13743570367103833,0.19331469421096242
344,0,0.32952548510146945,0.35943943779571025
345,0,0.4131623324324589,0.5268420881302793
346,0,0.1428304449510312,0.23372138423218106
347,0,0.2040863546136045,0.2972741020860683
348,0,0.24412990599423842,0.2880911297984208
349,0,0.2931580237123148,0.398723413323651
350,0,0.4456570916874141,0.554379528937608
351,0,0.12229864842674974,0.20569867436109435
352,0,0.3319697449980707,0.4413258884109104
353,0,0.19521402514025907,0.22595552273080255
354,0,0.3310363839133761,0.397781039063684
355,0,0.10055595661198335,0.14857855027594535
356,0,0.17010824114277265,0.20526868937691747
357,0,0.7297596122523927,0.7990580536968939
358,0,0.6110389972449932,0.699318632160865
359,0,0.33290059338193384,0.3667623089432737
360,0,0.24633557347015056,0.29141746358067294
361,0,0.09841019677240942,0.11402701117079408
362,0,0.40054494115191985,0.517989039962526
363,0,2.057114042120362e-26,2.4832952100903945e-26
364,0,0.5309172813021164,0.5619664166446557
365,0,0.2038628122388533,0.31026225344607206
366,0,0.3952378207528442,0.4430760299936583
367,0,0.4633388400361168,0.5585604799338377
368,0,0.12717405044078392,0.14648539124046822
369,0,0.609223615478235,0.6870251493671572
370,0,0.13344479681544458,0.1637108881574278
371,0,0.43254994878900566,0.5505510770146678
372,0,0.5700852851349256,0.6747641651832212
373,0,0.6426250951651656,0.7126604058993677
374,0,0.5310158770234515,0.5766472481317372
375,0,0.4893585649730787,0.5900530845668468
376,0,0.34415155354291876,0.3746513237339743
377,0,1.0,1.0
378,0,0.27003077729394337,0.3028083113561775
379,0,0.5442740976264191,0.6414806861562252
380,0,0.3900034765387627,0.43446877846637644
381,0,0.12710020215958925,0.17570908704871124
382,0,0.5184848102466991,0.5483369717447779
383,0,0.6181367816439292,0.709084511569464
384,0,0.33821682340667825,0.37478573504644086
385,0,0.2522371684493499,0.29480401750490615
386,0,0.08429333321202659,0.15326502420299137
387,0,0.6057575595786752,0.6925880565961288
388,0,0.17163669956798688,0.19448032492254025
389,0,0.26677694763347815,0.3454159040912962
390,0,0.2855534115438158,0.3891989622849664
391,0,0.6108736481947965,0.6941726885628209
392,0,0.2777130000308263,0.308997669368382
393,0,0.4067026825624856,0.49970658269983387
394,0,0.49053692226673523,0.5411603849191069
395,0,0.3648310110573802,0.46264721487223964
396,0,0.08601646568529735,0.10487214536410812
397,0,0.1736985117024786,0.2746539103355933
398,0,0.5605032284248507,0.6570018159461183
