row,ckd,prob_transfer_lr_v3,prob_transfer_hgb_14,prob_transfer_lr_v3_noclip
0,1,0.7286301642196399,0.18243630354135712,0.7305251152487212
1,1,0.10358854724306167,0.1064236026326934,0.08602736745062804
2,1,0.996827671651711,0.9998576691450423,0.9970517324977639
3,1,0.9999811304712929,0.9997386648343582,0.9999907973795824
4,1,0.8700815635865473,0.20615949966672817,0.8755109343682672
5,1,0.7524540416519852,0.2926604514012294,0.7532665401033762
6,1,0.9999987120816479,0.9993062040314595,1.0
7,1,0.8066924976766618,0.3211574797892822,0.806854967423993
8,1,0.9935133041991492,0.9997955268033267,0.9940272925429955
9,1,0.9999983075579182,0.9999630236999305,0.9999999990001853
10,1,0.9999984897616327,0.9998387841509471,0.9999991583622345
11,1,0.9998609775972648,0.9994813863977251,0.9998922257470648
12,1,0.9987727290247205,0.9999708232272567,0.998869636616083
13,1,0.9999987446029208,0.9999251359270526,0.9999992866679742
14,1,0.9999985971489525,0.9999523204289105,0.9999993459597204
15,1,0.9999848549889768,0.9998905942089086,0.9999999999035007
16,1,0.990423471675739,0.9991120957411951,0.9920474019138681
17,1,0.9999991495147807,0.9997467987780204,0.9999995599776064
18,1,0.973666715393625,0.8048991437368986,0.9738202418298876
19,1,0.9483335018708726,0.999657080613946,0.9519199816342214
20,1,0.9999994835409907,0.9999457674169431,0.9999963769159117
21,1,0.8792144408730842,0.9999404517724527,1.0
22,1,0.9999995092057534,0.9998934500044988,0.9999999976545468
23,1,0.2993005335669513,0.2113360390313818,0.30405910601486535
24,1,0.8513453626773257,0.3281882468877556,0.8528003195359608
25,1,0.990027784252178,0.9999009456973174,0.9906698910408864
26,1,0.9995344036620245,0.9997257314689066,0.9996185663827372
27,1,0.9997993917372208,0.9998882266518911,0.9998365961369285
28,1,0.9385025930818327,0.9993672032608654,0.941195206142344
29,1,0.866161908376322,0.9992793429552986,0.8716589356712041
30,1,0.9999964265878525,0.2557269331534539,0.9999999616362384
31,1,0.9584808030854884,0.9997297091788097,0.9602132039622028
32,1,0.9799934766828535,0.9995786574976657,0.9805395543094199
33,1,0.9988760672226926,0.999905038331517,0.9990968089084886
34,1,0.9999999671390081,0.999897083263144,0.9999996880017982
35,1,0.9982193452022516,0.999749416532801,0.9984437540759974
36,1,0.9860418337244121,0.9995661576358996,0.9875854341985755
37,1,0.999980631380145,0.9999303533474426,0.9999874752550502
38,1,0.9999835300423571,0.9997510786402306,0.9999896923953403
39,1,0.9999771792916504,0.9999025513560045,0.9999841343349982
40,1,0.9878772578831941,0.9999478001056533,0.9890601181498164
41,1,0.2169824316781788,0.12141751067509206,0.21633500048233778
42,1,0.7696418843283813,0.30647369224256105,0.7637556298581052
43,1,0.9999985703397889,0.9998262093572031,0.999999999991761
44,1,0.9999998735205031,0.9998592505899409,0.9999999961777561
45,1,0.9999999426270294,0.9998871552473504,0.9999999891598245
46,1,0.7996731174778836,0.1350985024926869,0.8037927707545398
47,1,0.10338758937416927,0.11735172180827146,0.09159090647116376
48,1,0.8801556000467501,0.38155968536632884,0.8731760889619514
49,1,0.9999571533026043,0.9999770528719003,0.9999715863710572
50,1,0.9999036750086733,0.9999030827289377,0.9999270718606318
51,1,0.9772747076489577,0.9999454831493718,0.9780515035657743
52,1,0.9943233657606634,0.9995583950753795,0.9953774307391549
53,1,0.8447313537572114,0.47599167990101104,0.8427283361104673
54,1,0.9999999999998281,0.9996194098365535,0.9999999999999674
55,1,0.5160910635803014,0.3505076326969755,0.5169271493191762
56,1,0.9999975060942395,0.9999280720336928,0.9999999999846514
57,1,0.9999996992032559,0.9999101778873901,0.9999999969855735
58,1,0.9999998545414636,0.9998984545939755,0.9999994994144846
59,1,0.9999997003451616,0.9999801921627203,0.9999999952753715
60,1,0.9998393338153201,0.9998473017313328,0.9998874670146005
61,1,0.9993457389370982,0.9997679122731908,1.0
62,1,0.24854892185666874,0.19777989646842967,0.2239622998757294
63,1,0.9999996323175735,0.9999286409346285,0.9999999731509797
64,1,0.7120723417884511,0.62083936866872,0.7155317542819521
65,1,0.4738519645156513,0.10337921051705679,0.4811432797640576
66,1,0.9682226807333014,0.9993305725976732,0.9697130189095613
67,1,0.7555190864830857,0.5373256743395884,0.757939034188825
68,1,0.9998752813076506,0.9998848384080014,0.9999125958806856
69,1,0.6286205234877537,0.35061786425245045,0.6369504345957443
70,1,0.7563661048500843,0.45776315161807224,0.7548995054444237
71,1,0.9999641479792779,0.9999565559414634,0.9999728892438539
72,1,0.9183691054903189,0.581370388658828,0.9205184082538846
73,1,0.9999929118151982,0.935330764373795,0.9999999724862806
74,1,0.9999990281659751,0.9999825864949805,0.999999994611475
75,1,0.1895107141542482,0.5248791499794484,0.1404399079963604
76,1,0.9999930892116364,0.9999139506560787,0.9999999998302844
77,1,0.9999412900469203,0.999551181939836,0.999959621851089
78,1,0.9998837589936357,0.9999302278864756,0.9999150271095482
79,1,0.9884668213274302,0.9997049384900121,0.9891947745223891
80,1,0.9997926210215204,0.9998950166563696,0.999832703695085
81,1,0.9997284773932211,0.9997885402071425,0.9997807179177143
82,1,0.9354725743226027,0.9995783259835848,0.9408337999116249
83,1,0.6205128051404745,0.15523004781842228,0.6209450436461942
84,1,0.999419350378002,0.9999361885415211,0.999999999999964
85,1,0.9608171201533202,0.9996643766548884,0.9625307981798771
86,1,0.996355885414665,0.9994897995381831,0.9968222056997419
87,1,0.9999000926180731,0.9996806307120093,0.9999279158454764
88,1,0.9989754231531657,0.9998181987645322,0.9991152751898633
89,1,0.794054184690376,0.08925365035410501,0.801776545554362
90,1,0.9999766482965907,0.9995056380888372,0.9999844630113972
91,1,0.9774984860536328,0.9997633025468486,0.9797109017063753
92,1,0.9999893302157074,0.9998327023373472,0.999992791654772
93,1,0.9999999798203238,0.999976158928884,0.9999999898388713
94,1,0.9734762185241426,0.9997930735806673,0.9736700876508759
95,1,0.6378842696462046,0.1181211472323203,0.6389746339603912
96,1,0.9998446735266907,0.9996425494898311,0.9998877011844182
97,1,0.9978005967992416,0.9996829372629167,0.9981005699694372
98,1,0.9999996286075019,0.9999807237075483,0.9999999971136115
99,1,0.9669761772158476,0.9373642424812987,0.9800516690059351
100,1,0.3040833111594002,0.10517556477068775,0.3006334734674107
101,1,0.9999968955083454,0.9999412501850833,0.9999981416294085
102,1,0.9728819975491864,0.9997170990301056,0.9776413264635488
103,1,0.9999999005612451,0.9999776017566927,0.999999999990802
104,1,0.9889106946603153,0.9999098873213447,0.9900082600354574
105,1,0.9999999990012249,0.999033078513962,0.9999999999999902
106,1,0.9999997146607823,0.9999554648010924,0.9999999824584497
107,1,0.999937291029871,0.9997225171471438,0.9999513554572399
108,1,0.566711443180783,0.08455209132293949,0.5641795148217783
109,1,0.9937362790190676,0.9997829409135478,0.9944244632902809
110,1,0.997053419058423,0.9995798281489296,0.9975711133216885
111,1,0.9999995754511269,0.9999551988143998,0.9999997489550312
112,1,0.5239067204000868,0.08330953397015964,0.5215467291969432
113,1,0.7037520927721678,0.7874780174138835,0.704817736305726
114,1,0.9143431475057866,0.9997760143894168,0.9124564246247361
115,1,0.33108941998981084,0.05834155157861076,0.3296338556831191
116,1,0.4609002535344558,0.2944906965455224,0.47486654070749906
117,1,0.7914121922119723,0.1358290975229961,0.7894650993809776
118,1,0.730232251117113,0.1372725514869289,0.734870065610066
119,1,0.7378242728058252,0.18021724132566533,0.7411870190129295
120,1,0.9992893092692882,0.9995414889812049,0.9994171619813325
121,1,0.8588906434249517,0.3765673179112222,0.8653834210151305
122,1,0.9999949554760613,0.9998292346560299,0.9999999999981719
123,1,0.6127336007896255,0.08628697477658642,0.6031296671630243
124,1,0.9980537411173137,0.9999844395502892,0.9983725882562527
125,1,0.9997798407860468,0.9994565817251202,0.9998315744279735
126,1,0.9999924913247813,0.9999371310686824,0.9999950865024388
127,1,0.9999998265675948,0.999918747502267,0.9999999023992825
128,1,0.9999999986112433,0.9999696527981443,0.9999999554925514
129,1,0.9347295735541388,0.9993884841687672,0.9358955824578605
130,1,0.9999999539199148,0.9999838242842416,0.9999999999503733
131,1,0.20178368001273633,0.24351437901421216,0.13005714415145989
132,1,0.9999130878703687,0.9999675325441275,0.9999999999999609
133,1,0.9999993323651007,0.9999655687666827,0.9999995550898225
134,1,1.0,0.9999215216213966,1.0
135,1,0.9192360163813528,0.2654999383323792,0.9222791674928398
136,1,0.9997912256635103,0.9999679653008273,0.9998432396151028
137,1,0.9999958044676394,0.9999453209785673,0.99999729563519
138,1,0.913589779299259,0.9996409079897682,0.9179111054283833
139,1,0.9987512827965456,0.9996558969643062,0.9990391036731965
140,1,0.8437016949840548,0.22646026819279086,0.8438246628435427
141,1,0.9999996569718805,0.9999115768495919,0.9999999664982169
142,1,0.9999993674930453,0.9999249008422892,0.9999999948133205
143,1,0.985912514720388,0.9996464933239146,0.9999999999999993
144,1,0.9975157332312784,0.9997632118542682,0.9978947877205979
145,1,0.9999999781451736,0.9999614301212135,0.9999999999994944
146,1,0.7795795647104337,0.42201536310607946,0.7797285201093317
147,1,0.9963808824749812,0.9999487842079162,0.9964792748882795
148,1,0.9999999999634037,0.9993254799568403,1.0
149,1,0.6862221576117559,0.22543340348404745,0.6806707419186875
150,1,0.10898690395902565,0.08605373791651176,0.09163577990721919
151,1,0.9921866995948533,0.9997976420563539,0.9927307507069595
152,1,0.49015766217985096,0.2633856082560867,0.48362564724055346
153,1,0.9999991975551019,0.9999790301786179,0.9999999999999876
154,1,0.983864282752754,0.9999731758532175,0.9999999999999996
155,1,0.9653823110238182,0.9994500668335433,0.9690841353012327
156,1,0.9998736971919109,0.9999160010671222,0.9999117903452746
157,1,0.9818333430201298,0.9994295455977256,0.9831729332199526
158,1,0.9889363026892652,0.9994480422204198,0.9891202430992385
159,1,0.9795301800993939,0.6518557937809029,0.9809742327964792
160,1,0.998671333052172,0.9998398884396946,0.998929409489333
161,1,0.6714012933806291,0.2899449997111826,0.6716067314972137
162,1,0.9807015077923766,0.9995561710011527,0.9827640935462999
163,1,0.994397367189336,0.9997744154011542,0.9950530934724041
164,1,0.3041806631868458,0.24608304150749266,0.2852203204420838
165,1,0.6301883987613026,0.48735888997959537,0.6346883747762805
166,1,0.9999632835510293,0.9984953482404948,0.9999787415532517
167,1,0.24058843862551976,0.08487526183516368,0.23633424014847101
168,1,0.9866577152876752,0.9995495661327155,0.9875370714171601
169,1,0.9991092957136989,0.9111749856593703,0.9992978856970469
170,1,0.9958336136927053,0.9995535994814518,0.9960487088835117
171,1,0.9997065326262556,0.9999436187614421,0.999798988780149
172,1,0.9998633097745243,0.9998895312577196,0.9998884107326856
173,1,1.0,0.9998605211573365,1.0
174,1,0.9999982980047537,0.9998493167187793,0.9999999966755608
175,1,0.9957292581625128,0.9997469803825152,0.9971032616101101
176,1,0.9700750640246789,0.9996945195921143,0.9719248402213736
177,1,0.9994914547008061,0.9998621093400099,0.999073763536253
178,1,0.9998929965097623,0.999960013910593,0.9984621578094928
179,1,0.9972841912063413,0.9997905870126996,0.9977579699154375
180,1,0.9966494371876448,0.9998548892601865,0.9969407806204899
181,1,0.9978839222435073,0.999689441187829,0.9980671429954665
182,1,0.5115986231199494,0.14040775628371066,0.5063489161659002
183,1,0.9999962630224322,0.9994629918269613,0.9999999519182189
184,1,0.9999862162519358,0.9999131801062351,0.9999655882707126
185,1,0.15800285613983767,0.25093049598778516,0.09923235178011888
186,1,0.1440497982839759,0.08098605812319401,0.12024611306806679
187,1,0.20176891944353262,0.18938846292164213,0.13619132771074194
188,1,0.9901013994039126,0.9997771018938455,0.9905403296899753
189,1,0.9999993083315618,0.9999072705572066,0.9999995966623797
190,1,0.38917968327071706,0.20170501655099923,0.3161949654163716
191,1,0.9999988924190252,0.8976128935644466,0.9999998561052262
192,1,0.40100356409671895,0.717864703843128,0.4014767497924992
193,1,0.9996223131969939,0.9999555766924636,0.9999999999999991
194,1,0.832099955811767,0.4927968413422385,0.8310651664871681
195,1,0.9999738126092774,0.9999514362203107,0.9999865762530427
196,1,0.9999589742123474,0.9999819986865729,0.9999999999996132
197,1,0.9999538127747726,0.9999241409954527,0.9999999999854967
198,1,0.9999938071936871,0.9998373867976238,0.9999974477597016
199,1,0.9610838436183683,0.9997608612274221,0.9615670122590202
200,1,0.9999006629863443,0.9999828043244972,0.9999310012356223
201,1,0.999998362902474,0.9999013713136979,0.9999999992250164
202,1,0.9998542830038569,0.9999253335715044,0.9998871313981503
203,1,0.9999980218955344,0.9299678761735611,0.9999999930559229
204,1,0.9998705465922391,0.999963712303228,0.9999999999999936
205,1,0.9964622607312523,0.9994439101533091,0.9971389430469203
206,1,0.999960967802451,0.9996420048998423,0.9999748338496991
207,1,0.9984144949546083,0.9997889483210026,0.9986483488935033
208,1,0.9847952714412691,0.9995205501050961,0.985594217493042
209,1,0.3783057291612378,0.26118268487134866,0.38386590536675447
210,1,0.9994472199790366,0.9999803099242501,0.9999999999999696
211,1,0.7403231264283162,0.6811161942654681,0.7599494170133194
212,1,0.9998887658578235,0.9999451080494175,0.9999999999995977
213,1,0.999995267604314,0.9998182769895849,0.9999969990254793
214,1,0.7515294153047755,0.27904840755526383,0.7521815802806016
215,1,0.28833889097879967,0.2928600038553975,0.23881413904179205
216,1,0.9994474556519686,0.15071747471390726,0.9996587456638232
217,1,0.9840214908666656,0.9997007803796777,0.9850250079889745
218,1,0.23408554246894245,0.11300749140751704,0.23103643516101463
219,1,0.9997609895491792,0.9999271161058617,0.9998045253571578
220,1,0.5086633820980021,0.1795068360022844,0.5094902392721783
221,1,0.98961019342093,0.9993637165917709,0.9907013343468107
222,1,0.9772697332937326,0.9997454354395875,0.9789154366623908
223,1,0.9740154767799413,0.9992995891116796,0.9743095570569942
224,1,0.9911881166490399,0.9986000804888979,0.9929980690436877
225,1,0.9998976973962826,0.9999340156426408,0.9999221855745062
226,1,0.9999998337030361,0.9998992536924135,0.9999999998972404
227,1,0.9713351701168704,0.9995781492963227,0.9727342378102314
228,1,0.9974935886568627,0.999571385063073,0.998020875976604
229,1,0.9999978004994107,0.9999933609675523,0.9999999999998048
230,1,0.9937605652818754,0.9994028056321477,0.9945654969451675
231,1,0.999881058740844,0.9995673802930773,0.9999111527691892
232,1,0.4530206554190422,0.531508181310069,0.458031042870318
233,1,0.9301181948713058,0.9993228509150385,0.9381891084425797
234,1,0.6079914150221781,0.12671352511494358,0.6275899600377204
235,1,0.9938732364484321,0.99992695856907,0.9947597248392029
236,1,0.9920459073427064,0.9998867468398351,0.9928146204204297
237,1,0.9983188576341636,0.9997031232249369,0.9985618048628618
238,1,0.9999993279777943,0.9999646558942125,0.9999999999999201
239,1,0.8864859582603956,0.9994950323370478,0.8922983304114358
240,1,0.9567119761829058,0.9992824698786855,0.9577585585872851
241,1,0.9288334447844732,0.9996020400211285,0.9314132529427783
242,1,0.9999999284995407,0.999964094894437,0.9999999979718326
243,1,0.998391273411406,0.9996839045912128,0.9986990515192
244,1,0.9999331160626328,0.9999252542150886,0.9999499492127917
245,1,0.9999997782184754,0.9999623057751593,0.9999999110466439
246,1,0.9999386019504364,0.9999813168386944,0.9999999999999762
247,1,0.7733853423909285,0.18155787182854352,0.7806251295478944
248,1,0.9939230750399516,0.9995970718777639,0.994173490813035
249,1,0.9999999755204835,0.9999638815445104,0.9999999999999285
250,0,0.7829256703154942,0.16179564755573725,0.7933125404696306
251,0,0.1365308892368094,0.07058482409445788,0.12843618377709287
252,0,0.23768911597539505,0.15119287161945968,0.235887490620717
253,0,0.6475277312782314,0.12330592905967282,0.6593436004713024
254,0,0.3306569324889363,0.047151263322563294,0.3253309413287926
255,0,0.5636549948527124,0.10874189339216957,0.5716569150315272
256,0,0.4146234334693942,0.42599253022829364,0.42001529424929085
257,0,0.1984121647389381,0.03674487720827923,0.19549553579934237
258,0,0.3271634943433416,0.16976273615356818,0.33864879380378604
259,0,0.3970235051490426,0.05143593436922597,0.40557900463557706
260,0,0.327058221959858,0.0781845949342693,0.3188776084177649
261,0,0.5110592654252376,0.0589101871251102,0.5156520135049478
262,0,0.3375154227843416,0.09038210887658099,0.3363241334040616
263,0,0.5413791799793668,0.09914455433624424,0.5400303252019956
264,0,0.25853498582509155,0.1263191531567676,0.2616698381059093
265,0,0.3704879489126647,0.1412346924216305,0.3577294778681864
266,0,0.7650364874027368,0.11437860493838212,0.7729569376425536
267,0,0.3817117919865079,0.10666739056244513,0.3763989722949661
268,0,0.30934195879651843,0.06715915173903574,0.3053579538004006
269,0,0.4735493608408127,0.05761057223643411,0.48707087930065707
270,0,0.30658031066596175,0.07124990977074888,0.3063740693661728
271,0,0.2883339424241163,0.20503569805945362,0.2982451566545299
272,0,0.719066046759393,0.11542180061304388,0.7309478650382227
273,0,0.2825659335147631,0.049363914474720307,0.2781377117662972
274,0,0.12248129447146792,0.12334269543973511,0.12249719404483865
275,0,0.583423858121883,0.07228473444833491,0.5941647024572261
276,0,0.22481891574978616,0.04448780168342777,0.23133489009547722
277,0,0.33463083779448755,0.058266553132782506,0.3314321791945722
278,0,0.5263499180695446,0.06859161197738736,0.5252171941170996
279,0,0.12263337455933863,0.1523342818039346,0.12619343895805737
280,0,0.30805245701104256,0.07020536782103201,0.3066959217608402
281,0,0.589602393210943,0.2019267345896326,0.5834158401105163
282,0,0.2076037558296904,0.046440735585707466,0.20476338262037197
283,0,0.414435835865593,0.19002337923714552,0.4144237068742192
284,0,0.33733972555966496,0.07142990626786025,0.3439099384757911
285,0,0.23378020013564788,0.06612876274292695,0.2348209152681656
286,0,0.32449325539987256,0.1764783955429246,0.3223138663510159
287,0,0.29011058119204786,0.12065337056507651,0.293043213415337
288,0,0.5533785539046179,0.14323722098831237,0.5501949696823565
289,0,0.1570581375531358,0.03737241204687154,0.15511949148433574
290,0,0.2377038293372445,0.10742336557023968,0.24283760511846858
291,0,0.353712327933413,0.07089798369002887,0.3490990966606804
292,0,0.2531522632863236,0.31194282702797105,0.2628705007653254
293,0,0.5000043295725669,0.04344576108308567,0.5014805618161471
294,0,0.4530822486804292,0.15094406065644717,0.4459537816614039
295,0,0.22694795992037578,0.09122662455195554,0.21521852411196954
296,0,0.18217818428545376,0.10239134865054114,0.18472340598488857
297,0,0.34666794344839147,0.15024154760167968,0.3464503566088038
298,0,0.4893845599839821,0.03802350267320646,0.48741004164681145
299,0,0.3656797738413555,0.45903939304229313,0.6888718361383089
300,0,0.22193878774811882,0.08301934914081452,0.21953559138805961
301,0,0.15281341381871494,0.04249274903610515,0.1482392607091654
302,0,0.4477620311834363,0.05249297321803449,0.4506901838258981
303,0,0.39823010578759294,0.08286607279028324,0.40371877687970625
304,0,0.31209253232325457,0.13508307182322277,0.31526156725539434
305,0,0.20716732711140504,0.09335244358417666,0.20327758202118898
306,0,0.5706126803638052,0.08819955164076587,0.5825458867425622
307,0,0.4003763574792553,0.1755743417600932,0.39730777154113756
308,0,0.2731001048511498,0.1003769833245805,0.2765517477525381
309,0,0.5213572980757634,0.11367610847018106,0.5259205427367214
310,0,0.29913336371424337,0.07291693547596707,0.294701709331237
311,0,0.5817360184201924,0.14286901821179043,0.585146787004099
312,0,0.4584432188582949,0.18969849075684175,0.46521529015390406
313,0,0.28034714125474297,0.13931846159219938,0.27922994159173836
314,0,0.2799528886437015,0.11588315556559287,0.2789873098908106
315,0,0.44045444964949554,0.10161293930467039,0.44581433170368506
316,0,0.23107171047866115,0.14188514151231177,0.24432833787222186
317,0,0.6028608173041297,0.07635900790102236,0.5993169462210237
318,0,0.28171972304153753,0.3029277776833988,0.2824316689687982
319,0,0.46950583782641947,0.0859796797447402,0.47601123069073203
320,0,0.5320780942430982,0.14398559199798233,0.5133739071264563
321,0,0.5389084553300234,0.10827785296964845,0.5321729722648283
322,0,0.4887832107234357,0.1071498368149267,0.5050083126100519
323,0,0.4740153609554363,0.09148896302302363,0.47501931653559715
324,0,0.20802964650892078,0.2386710120137449,0.1988774500046704
325,0,0.5732031433190935,0.10957532084946986,0.5760399586039265
326,0,0.41973301682801833,0.051257662150154204,0.4201723854053443
327,0,0.2027409411068653,0.08267857391980095,0.1885956424989806
328,0,0.18099697604232995,0.09510103827584428,0.18386043001579122
329,0,0.1513890223931042,0.055424660525873574,0.15061411219622964
330,0,0.507752826536111,0.0776292494885625,0.5068818557338285
331,0,0.40535674964842866,0.12630292677374794,0.4007803408908492
332,0,0.22841442345622093,0.05247765699965924,0.21465542540619328
333,0,0.21300456791934222,0.06665051631210012,0.21676025054068915
334,0,0.34247225888033955,0.11747275945102469,0.34869100829353555
335,0,0.5146058579041154,0.1856884284619594,0.6281157773919198
336,0,0.23580135742759858,0.16766513118034018,0.23224128720687068
337,0,0.21915005649550914,0.029938197204920493,0.2178320993458183
338,0,0.2596244664085238,0.21842428189901913,0.25563836397422257
339,0,0.26795554834131463,0.13428175318740168,0.26770071538726964
340,0,0.30598716909945545,0.04140246817683084,0.30867185135080966
341,0,0.45266968834088633,0.1215218168785549,0.4317426725311921
342,0,0.17207271928420878,0.058693334387124,0.31758194160326914
343,0,0.1387485701779876,0.051717829347358066,0.13827595921607685
344,0,0.34836825935206367,0.12867181019171978,0.33177547048005046
345,0,0.40486803485999906,0.06398786439584321,0.415070894699265
346,0,0.14386111283837708,0.05346009506103929,0.14420439277488445
347,0,0.20365241418408098,0.07412563244154877,0.20376713613265876
348,0,0.2379465253553058,0.2450572441293621,0.2468800848803596
349,0,0.30809831237273544,0.059356782107784285,0.29601165445829714
350,0,0.44841816571124427,0.08005831349825489,0.4465023428647088
351,0,0.12787919068867892,0.046625590102020026,0.12204799360080046
352,0,0.3348267631376629,0.055574563585764604,0.3334388524332066
353,0,0.2024589864280909,0.09774132466814985,0.1980609507939506
354,0,0.3398666611574924,0.19475022194311423,0.334551963225454
355,0,0.1012042141166523,0.047750735319690936,0.10191743019813965
356,0,0.1619011306218203,0.0791160841957499,0.17094099733792795
357,0,0.7311291364263144,0.13433225942631769,0.7320269127215098
358,0,0.6039455726463558,0.05684217147792252,0.6143686808872297
359,0,0.33312484323812536,0.24225064131473392,0.3353355165412112
360,0,0.23703605557324792,0.06705889720179603,0.24794038438118854
361,0,0.09753749570736414,0.12722595055917538,0.10007522535919947
362,0,0.3998117193904191,0.04891138081954043,0.4014521633748794
363,0,0.41258066423923156,0.27063091706041087,0.42751402524089277
364,0,0.5397430576471343,0.19059618891853075,0.53283693515574
365,0,0.20928398976056736,0.03573833263207713,0.20324859654920707
366,0,0.38861850235369927,0.1702705497123641,0.39813528519462354
367,0,0.46405807150272604,0.25629851082575433,0.46420450407216585
368,0,0.1290898153447902,0.07212862273733792,0.12771321154954487
369,0,0.6110333684932029,0.10440002665834353,0.6108371214093585
370,0,0.02008965477061619,0.22141572368518175,0.13454931333351014
371,0,0.4541749155860709,0.24192417743871206,0.4357952715360393
372,0,0.5793808341753595,0.11614809730007121,0.5732564512395136
373,0,0.6430140675836595,0.5078413375861688,0.6422637777904773
374,0,0.5202852332222675,0.27622288485484225,0.5335255685109581
375,0,0.487988929860182,0.13331603961619928,0.49300850878826874
376,0,0.3447212428355985,0.09441637636079643,0.34719757224569014
377,0,0.666364724766861,0.08547649719378039,0.6808739399914877
378,0,0.265715461301196,0.1366183579705874,0.2715589655461775
379,0,0.5415388679887599,0.10900043536731853,0.5483926824610676
380,0,0.17253433232441545,0.09254423861409773,0.3896701144714815
381,0,0.12570306483902702,0.06589660655597923,0.1274617715682792
382,0,0.5197367850829916,0.2329695356878479,0.5211754475123459
383,0,0.6338454721055814,0.18447839286923914,0.6200296303165346
384,0,0.3341136591566729,0.30182461841235503,0.3406454775056111
385,0,0.09937408826744032,0.06373882024975665,0.253126682513597
386,0,0.0882555946121546,0.04475374383631834,0.0850825333319733
387,0,0.595511271807008,0.06869343713753666,0.6079205130587224
388,0,0.17226593164339835,0.17624509842175407,0.17235738435647652
389,0,0.2685707777778233,0.07000462023270047,0.2692991725127115
390,0,0.27719221609831957,0.053058290387682915,0.2865808036349623
391,0,0.6142903716732948,0.14918184478735394,0.6126779020825014
392,0,0.2815453177487777,0.18576692587248675,0.2814552725564851
393,0,0.4176280131540594,0.09531967456426092,0.40858127358347607
394,0,0.15522041801991637,0.3384728604360194,0.4934995643601219
395,0,0.3595011366669692,0.05926529608245231,0.3670888984117458
396,0,0.10522541190008433,0.14661398019567223,0.08688798015615108
397,0,0.1799201768160855,0.04559887645756322,0.17507035389053552
398,0,0.5533766156301706,0.17708724547385823,0.563963208581264
